term,coef,n
intercept,2.5891086478181884,116
log10_params,0.2416774374980071,116
recency_months,-0.04312271871838336,116
