term,coef,n
intercept,1.0358893366129458,46
log10_params,0.388357961975209,46
recency_months,-0.03062828175988852,46
