inferred_paradigm,model_count,mean_framework_support,mean_compatibility_tax,median_compatibility_tax,mean_hybridization,mean_transition_complexity,mean_adoption_residual
hybrid,16,0.3502304208573261,0.649769579142674,0.661130139789846,0.85,0.47071150097465886,-0.7753636703094763
liquid,3,0.40906871196081074,0.5909312880391894,0.5960000000000001,0.25,0.0,-0.32260997775460254
ssm,5,0.4340503638256097,0.5659496361743903,0.5715723845707852,0.31999999999999995,0.0,-0.9560134734390962
xlstm,1,0.472,0.528,0.528,0.35,,-1.6597800234281177
rwkv,2,0.48798057820935375,0.5120194217906462,0.5120194217906462,0.2,0.0,-2.664741957450545
diffusion,2,0.8021402666887646,0.1978597333112354,0.1978597333112354,0.0,0.0,-0.42936236016803964
reasoning,5,0.8490772980677435,0.15092270193225668,0.15613229070057244,0.0,0.0,0.5249287373358456
transformer,16,0.9365246617046117,0.06347533829538834,0.050000000000000044,0.0,0.0,1.4868319121146525
