{
  "base_mean_interaction": -0.01895833333333332,
  "reasoning_mean_interaction": -0.022500000000000003,
  "mean_difference": 0.003541666666666685,
  "wilcoxon_w": 9.0,
  "wilcoxon_p": 0.6875,
  "base_peak_negative": -0.026041666666666668,
  "reasoning_peak_negative": -0.04999999999999999,
  "h2_supported": false,
  "layer_diffs": {
    "0.2": 0.020833333333333315,
    "0.35": 0.030208333333333337,
    "0.5": -0.02604166666666663,
    "0.65": 0.003125000000000072,
    "0.8": -0.010416666666666668
  }
}