{
  "0.2": {
    "baseline": 0.59375,
    "surgery_effect": -0.23593750000000002,
    "jitter_effect": 0.012499999999999956
  },
  "0.35": {
    "baseline": 0.59375,
    "surgery_effect": -0.19609375,
    "jitter_effect": 0.018750000000000044
  },
  "0.5": {
    "baseline": 0.59375,
    "surgery_effect": -0.1875,
    "jitter_effect": 0.015625
  },
  "0.65": {
    "baseline": 0.59375,
    "surgery_effect": -0.190625,
    "jitter_effect": 0.01171875
  },
  "0.8": {
    "baseline": 0.59375,
    "surgery_effect": -0.09218749999999998,
    "jitter_effect": 0.018750000000000044
  }
}