{
  "coef_intercept": -0.7106187248976397,
  "se_intercept": 0.15800578257161152,
  "p_intercept": 6.878229568079474e-06,
  "coef_surgery_bin": -0.8000376949791428,
  "se_surgery_bin": 0.6247019020719298,
  "p_surgery_bin": 0.2003092019789383,
  "coef_jitter_bin": 0.07152684709572495,
  "se_jitter_bin": 0.00926983768581209,
  "p_jitter_bin": 1.1995818335318246e-14,
  "coef_interaction": -0.3380583748739577,
  "se_interaction": 0.4595429669682183,
  "p_interaction": 0.46194956563353584,
  "coef_is_base": 1.4733982898893365,
  "se_is_base": 0.4988960323826355,
  "p_is_base": 0.0031437862610144683,
  "coef_layer_centered": 0.30284914527418605,
  "se_layer_centered": 0.17889435211660767,
  "p_layer_centered": 0.09047567760046354,
  "coef_group_x_int": 0.2894937574896849,
  "se_group_x_int": 0.54630973167064,
  "p_group_x_int": 0.5961758966384612,
  "coef_layer_x_int": 0.5973611813513668,
  "se_layer_x_int": 0.45140540149638053,
  "p_layer_x_int": 0.1857235448390061,
  "interaction_beta": -0.3380583748739577,
  "interaction_p": 0.46194956563353584,
  "group_x_int_beta": 0.2894937574896849,
  "group_x_int_p": 0.5961758966384612,
  "layer_x_int_beta": 0.5973611813513668,
  "layer_x_int_p": 0.1857235448390061,
  "method": "Logit_ClusterRobust"
}