{
  "observed": -0.019843749999999986,
  "p_perm": 0.076,
  "null_mean": -0.00019425714590982587,
  "null_std": 0.011106442933164772
}