{
  "calibration_interaction": -0.0121875,
  "holdout_interaction": -0.027500000000000004,
  "gap_pp": 1.5312500000000002
}