inferred_paradigm,model_count,mean_measured_tax,mean_support_score,mean_adoption_residual,mean_hybridization,mean_vllm,mean_llamacpp,mean_tgi,mean_gptq,mean_awq,mean_bnb
xlstm,1,0.925,0.075,-1.5875154046838844,0.35,0.0,0.0,0.0,0.0,0.0,0.5
diffusion,2,0.725,0.275,-0.4770254939957974,0.0,0.0,1.0,0.0,0.0,0.0,0.5
rwkv,7,0.725,0.275,-1.966770613252085,0.2,0.0,1.0,0.0,0.0,0.0,0.5
ssm,14,0.5517857142857142,0.44821428571428573,-0.7624953667044516,0.26071428571428573,0.75,0.75,0.35714285714285715,0.0,0.0,0.5
liquid,3,0.4749999999999999,0.525,-0.5305060989077415,0.25,1.0,1.0,0.0,0.0,0.0,0.5
hybrid,25,0.424,0.5760000000000001,-0.9422347005391627,0.804,0.82,0.9,0.16,0.44,0.0,0.58
transformer,67,0.10335820895522387,0.8966417910447761,0.4960024167826701,0.002238805970149254,0.9776119402985075,0.9776119402985075,0.7014925373134329,0.9029850746268657,0.6716417910447762,0.9253731343283582
reasoning,10,0.032499999999999994,0.9675,0.6177525143506324,0.0,1.0,1.0,0.95,0.95,0.9,0.95
