n,observed_beta,perm_mean,perm_std,z_vs_null,p_two_sided,n_permutations
116,-0.6996949946557671,0.0008590216470427531,0.29382302985482933,-2.384271977069163,0.0160983901609839,10000
