inferred_paradigm,model_count,mean_measured_tax,mean_support_score,mean_adoption_residual,mean_hybridization,mean_vllm,mean_llamacpp,mean_tgi,mean_gptq,mean_awq,mean_bnb
xlstm,1,0.925,0.075,-1.6597800234281177,0.35,0.0,0.0,0.0,0.0,0.0,0.5
diffusion,1,0.725,0.275,,0.0,0.0,1.0,0.0,0.0,0.0,0.5
rwkv,2,0.725,0.275,-2.664741957450545,0.2,0.0,1.0,0.0,0.0,0.0,0.5
liquid,3,0.4749999999999999,0.525,-0.32260997775460254,0.25,1.0,1.0,0.0,0.0,0.0,0.5
hybrid,16,0.4625,0.5375,-0.7753636703094763,0.85,0.75,1.0,0.0,0.375,0.0,0.5
ssm,5,0.41500000000000004,0.585,-0.9560134734390962,0.31999999999999995,1.0,1.0,0.6,0.0,0.0,0.5
transformer,13,0.10769230769230767,0.8923076923076922,1.604869537190399,0.0,1.0,1.0,0.38461538461538464,1.0,0.5384615384615384,1.0
reasoning,4,0.0,1.0,0.8995719197185634,0.0,1.0,1.0,1.0,1.0,1.0,1.0
