metric,n_raw,raw_corr,partial_corr,n_partial
support_score,41,0.6895906275556573,0.729573803909164,41
measured_tax,41,-0.6895906275556571,-0.7295738039091639,41
hybridization_score,46,-0.5581621979176189,-0.5840750390009746,46
is_long_context_128k_f,46,0.3894378980028773,0.35021199293545485,46
architecture_quality_index,46,0.22187370907962914,0.20785078842963464,46
convergence_score,46,0.21184359338525763,0.17398893025585177,46
has_quant_f,46,0.0009340463621393415,-0.06249019694339181,46
