n,observed_beta,perm_mean,perm_std,z_vs_null,p_two_sided,n_permutations
41,-1.03505362132621,-0.0016100008485235807,0.42814377340402415,-2.4137770643228493,0.013598640135986401,10000
