stage,predictors,n,r2,hybrid_coef,hybrid_se,hybrid_t,hybrid_beta_std,measured_tax_coef,measured_tax_t,hybrid_coef_shift
s1_hybrid_only,hybridization_score,46,0.30114282991307606,-2.069661895217783,0.47531444694467556,-4.354300418431595,-0.5487648220440791,,,0.0
s2_plus_measured_tax,hybridization_score|measured_tax,41,0.5437079625389956,-1.03505362132621,0.5010066585175903,-2.065947834683058,-0.27761978629841366,-3.158955935073797,-4.026376971877863,1.034608273891573
s3_plus_efficiency,hybridization_score|measured_tax|is_long_context_128k_f|has_quant_f,41,0.5964192104038489,-1.142811797978664,0.5073507982607556,-2.252508130264752,-0.3065224454049341,-2.8410852337149732,-3.346747759096186,0.9268500972391189
s4_plus_quality,hybridization_score|measured_tax|is_long_context_128k_f|has_quant_f|architecture_quality_index|convergence_score,41,0.6190488180421502,-1.2855969234370603,0.5313981119297969,-2.4192726593783997,-0.34481995502145213,-3.013135714877778,-3.4947937174828914,0.7840649717807227
