{
  "observed_interaction": 0.014583333333333356,
  "p_perm": 0.5,
  "null_mean": 2.848605927354801e-05,
  "null_std": 0.02176150765154058,
  "n_perm": 5000
}