bin,midpoint_months,coef,std_err,t_value,ci_low,ci_high,is_pre,is_reference
lead_18_plus,-21.0,,,,,,True,False
lead_18_12,-15.0,,,,,,True,False
lead_12_6,-9.0,,,,,,True,False
lead_6_0,-3.0,0.0,,,0.0,0.0,True,True
lag_0_6,3.0,0.15419462941680706,0.09669210459682102,1.5946972098679149,-0.035321895592962144,0.3437111544265763,False,False
lag_6_12,9.0,0.04860714981272807,0.43183008663058725,0.11256082268836787,-0.7977798199832229,0.894994119608679,False,False
lag_12_18,15.0,0.05804253665028902,0.2609805829541437,0.22240174342965408,-0.4534794059398327,0.5695644792404108,False,False
lag_18_plus,21.0,,,,,,False,False
