model,term,coef,std_err,t_value,n,r2,first_stage_f,weak_instrument_flag
first_stage,support_score_at_release,0.2148815536422421,0.044546728306687426,4.823733679449221,116,0.9362016754163524,23.268406610252722,False
ols_naive,support_score,1.053940509458622,0.5863294792913718,1.7975226330635758,116,0.8866378155525654,23.268406610252722,False
iv_2sls,support_hat,0.12322871428126536,1.151181542411285,0.10704542223909214,116,0.8807520619830171,23.268406610252722,False
