{
  "n_models": 8,
  "spearman_r": -0.2142857142857143,
  "spearman_p": 0.6103444156452669,
  "pearson_r": -0.5010478470064618,
  "pearson_p": 0.2059276432578633,
  "bootstrap_ci_lo": -0.9726027397260274,
  "bootstrap_ci_hi": 0.6153846153846154,
  "permutation_p": 0.6187,
  "path_a_r": 0.9047619047619048,
  "path_a_p": 0.0020082755054294677,
  "path_b_r": -0.2142857142857143,
  "path_b_p": 0.6103444156452669,
  "path_c_r": -0.07142857142857144,
  "path_c_p": 0.8665262706759088,
  "indirect_effect": -0.1543482916635628,
  "indirect_ci_lo": -0.8266303477006892,
  "indirect_ci_hi": 0.6199327030924534,
  "math_spearman_r": 0.5269555552418339,
  "math_spearman_p": 0.17962896715692672,
  "factual_spearman_r": -0.4761904761904762,
  "factual_spearman_p": 0.23293553465009798
}