paradigm,mean,std,count
reasoning,-0.003348214285714274,0.004735090052588471,2
transformer,-0.026041666666666647,0.01123487267153381,3
