excluded_paradigm,lopo_mean,delta
transformer,-0.003348214285714274,0.013616071428571425
reasoning,-0.026041666666666647,-0.009077380952380948
