{
  "observed": -0.0169642857142857,
  "p_perm": 0.3528,
  "null_mean": 3.232416835595508e-05,
  "null_std": 0.01858382333809506
}