{
  "n_experiments": 3,
  "n_models_total": 32,
  "scale_slope": -0.01791794791625696,
  "scale_intercept": 0.0076614766094704,
  "scale_r": -0.18866283491598712,
  "scale_p": 0.3010891899618803,
  "scale_se": 0.01702830081606231
}