{
  "calibration_interaction": -0.003571428571428581,
  "holdout_interaction": -0.03035714285714287,
  "gap_pp": 2.6785714285714293
}