{
  "mean_interaction": -0.013749999999999995,
  "ci_lo": -0.023124999999999972,
  "ci_hi": -0.003125000000000011,
  "ci_includes_zero": false,
  "sesoi_rope_fraction": 0.338,
  "sesoi_bound": 0.012,
  "n_boot": 5000
}