{
  "cochrans_q": 3.9999999375423965,
  "q_p": 0.40600585816255574,
  "i_squared": 0.0,
  "tau_squared": 0.0,
  "k": 5,
  "mean_interaction": -0.013749999999999995,
  "sd_interaction": 0.012808688457449471
}