paradigm,mean,std,count
reasoning,-2.7755575615628914e-17,0.004419417382415945,2
transformer,-0.02291666666666664,0.0018042195912175742,3
