excluded_paradigm,lopo_mean,delta
transformer,-2.7755575615628914e-17,0.013749999999999967
reasoning,-0.02291666666666664,-0.009166666666666646
