{
  "observed": -0.013749999999999995,
  "p_perm": 0.5302,
  "null_mean": 0.00033575021790060745,
  "null_std": 0.021892763390000736
}