{
  "calibration_interaction": 0.0012500000000000289,
  "holdout_interaction": -0.028749999999999998,
  "gap_pp": 3.0000000000000027
}