paradigm,mean,std,count
hybrid,-0.0002893518518518508,0.0135029666047901,24
ssm,-0.0010127314814814736,0.013360945795428401,48
transformer,0.010802469135802446,0.06471459947513923,72
