{
  "observed": 0.005015432098765438,
  "p_perm": 0.5768,
  "null_mean": 0.00016824410813168087,
  "null_std": 0.008819123728764476
}