{
  "calibration_interaction": 0.009910300925925911,
  "holdout_interaction": -0.0047743055555555395
}